surface	headwords	categories	krdict_ids	stdict_ids	opendict_ids
ㄴ	-ㄴ|-ㄴ-|-ㄴ-03|-ㄴ04|-ㄴ05	final|unclassified	66461|73877|78634	57936:57936001|57937:57937001|57938:57938001	112021|112022|112024|1357932|35986|8421
ㄴ가	-ㄴ가	final	80961	403618:403618001	112218|1818800|36031|8422
ㄴ감	-ㄴ감	final	73878	57941:57941001	379678
ㄴ걸	-ㄴ걸	final	81045	57769:57769001	404799|407887
ㄴ고	-ㄴ고	final	73889	406191:406191001	112219|331693|334718
ㄴ다	-ㄴ다|-ㄴ다01|-ㄴ다02	final	73909|85033	405873:405873001|57833:57833001	112224|343186|563675
ㄴ다고	-ㄴ다고|-ㄴ다고01|-ㄴ다고02	connective|final	74683|86060	57035:57035001|57834:57834001	36043|36044|63362|8572|8573
ㄴ다나	-ㄴ다나	final	74691	57754:57754001	490293
ㄴ다네	-ㄴ다네	final	75148	408510:408510001	563696
ㄴ다느니	-ㄴ다느니	connective	86069	57037:57037001	112409
ㄴ다니	-ㄴ다니|-ㄴ다니01|-ㄴ다니02	final	75258|85106	408511:408511001|57039:57039001	112411|416354
ㄴ다니까	-ㄴ다니까	final	74685	407334:407334001	453392
ㄴ다더라	-ㄴ다더라	final	-	517872:517872001	599955
ㄴ다마는	-ㄴ다마는	connective	80325	57040:57040001	112413
ㄴ다만	-ㄴ다만	connective|unclassified	80326	57090:57090001	112596
ㄴ다며	-ㄴ다며	final|unclassified	81460	57864:57864001	563713
ㄴ다면	-ㄴ다면	connective	66956	56085:56085001	112597
ㄴ다면서	-ㄴ다면서	final	81455	403487:403487001	112599
ㄴ다손	-ㄴ다손	connective	-	56086:56086001	112600
ㄴ다오	-ㄴ다오	final	77931	56087:56087001	112601
ㄴ다지	-ㄴ다지	final	76575	403621:403621001	112603
ㄴ단다	-ㄴ단다	final	79247	405343:405343001	379717
ㄴ담	-ㄴ담	final	73881	56091:56091001	112790
ㄴ답니까	-ㄴ답니까	final	78782	56146:56146001	379739
ㄴ답니다	-ㄴ답니다	final	81377	405344:405344001	563738
ㄴ답시고	-ㄴ답시고	connective	80316	57244:57244001	112794
ㄴ대	-ㄴ대	final|unclassified	81514	408033:408033001	112795|416395
ㄴ대요	-ㄴ대요	final	81127	57249:57249001	112797
ㄴ댄다	-ㄴ댄다	final|unclassified	-	57250:57250001	112993
ㄴ데	-ㄴ데	connective|final	85132	408038:408038001	1359698|36089|8611
ㄴ뎁쇼	-ㄴ뎁쇼	final	-	57517:57517001	526995
ㄴ들	-ㄴ들|-ㄴ들02	connective	80346	405933:405933001	563762
ㄴ바	-ㄴ바	connective	87110	406089:406089001	441744|444892
ㄴ즉	-ㄴ즉|-ㄴ즉02	connective	-	59057:59057001	113177
ㄴ즉슨	-ㄴ즉슨|-ㄴ즉슨02	unclassified	-	59058:59058001	113178
ㄴ지	-ㄴ지	connective|final	87429	407937:407937001	404807|407902
ㄴ지고	-ㄴ지고	final	-	59059:59059001	441758|444896
ㄴ지라	-ㄴ지라	connective	-	405350:405350001	36132|8649
ㄹ	-ㄹ|-ㄹ03	unclassified	69057	99265:99265001	440829|445234
ㄹ가	-ㄹ가	final|unclassified	-	99266:99266001	39283|456476|743
ㄹ거나	-ㄹ거나	final	80972	100313:100313001	140373
ㄹ걸	-ㄹ걸	final	76460	419519:419519001	551232|555507
ㄹ게	-ㄹ게	final	80987	100314:100314001	346314
ㄹ고	-ㄹ고	final|unclassified	-	100315:100315001	140374|39284|744
ㄹ까	-ㄹ까	final	86335	100327:100327001	39285|745
ㄹ깝쇼	-ㄹ깝쇼	final	-	419520:419520001	140375
ㄹ꺼나	-ㄹ꺼나	final|unclassified	-	100328:100328001	140376
ㄹ께	-ㄹ께	final|unclassified	-	100390:100390001	140377
ㄹ꼬	-ㄹ꼬	final	81032	419521:419521001	440997|445175
ㄹ꾸	-ㄹ꾸	final|unclassified	-	100391:100391001	1268243|140378
ㄹ는지	-ㄹ는지	connective|final	86488	414500:414500001	407257|410771|419517
ㄹ데라니	-ㄹ데라니	final	-	98544:98544001	346342
ㄹ라	-ㄹ라	final|unclassified	77345	99220:99220001	137683|456222|529655
ㄹ라고	-ㄹ라고	final	79417	418946:418946001	137684
ㄹ라면	-ㄹ라면	connective|unclassified	-	99224:99224001	1268233|137685
ㄹ라치면	-ㄹ라치면	connective	86489	418947:418947001	137688
ㄹ락	-ㄹ락	connective|unclassified	86490	98659:98659001	137689|382478
ㄹ래	-ㄹ래	final	81068	99324:99324001	529679
ㄹ랴고	-ㄹ랴고	connective|final|unclassified	-	99328:99328001	1268234|1268235|382507
ㄹ러니	-ㄹ러니	connective	-	99329:99329001	137894
ㄹ러라	-ㄹ러라	final|unclassified	-	418939:418939001	137895|419214
ㄹ런가	-ㄹ런가	final|unclassified	-	418913:418913001	1575|38817
ㄹ런고	-ㄹ런고	unclassified	-	98938:98938001	138095
ㄹ런지	-ㄹ런지	connective|final|unclassified	-	98939:98939001	1268238|1268240|138096
ㄹ레	-ㄹ레	final	-	418918:418918001	404004|408209
ㄹ레라	-ㄹ레라	final	-	98941:98941001	419241
ㄹ려고	-ㄹ려고	connective|final|unclassified	-	98736:98736001	1268236|1268237|419242
ㄹ려면	-ㄹ려면	connective|unclassified	-	98737:98737001	1268241|493186
ㄹ려야	-ㄹ려야	unclassified	-	98738:98738001	138098
ㄹ망정	-ㄹ망정	connective	80277	421148:421148001	529703
ㄹ밖에	-ㄹ밖에	final	85762	97777:97777001	382531
ㄹ뿐더러	-ㄹ뿐더러	connective	74341	98619:98619001	566605
ㄹ사	-ㄹ사	connective|final	-	419916:419916001	138316|61806
ㄹ사록	-ㄹ사록	connective|unclassified	-	98323:98323001	419272
ㄹ새	-ㄹ새	connective	-	98324:98324001	138317
ㄹ세	-ㄹ세|-ㄹ세01|-ㄹ세02	final	79278	419036:419036001|98326:98326001	346092|440924|445187
ㄹ세라	-ㄹ세라	connective|final	86497	98327:98327001	138318|30510|61807
ㄹ세말이지	-ㄹ세말이지	final	-	98328:98328001	138319
ㄹ손가	-ㄹ손가	final|unclassified	-	421270:421270001	529763
ㄹ수록	-ㄹ수록	connective	74357	99414:99414001	138549
ㄹ시	-ㄹ시	connective|unclassified	-	420842:420842001	419297|566626
ㄹ시고	-ㄹ시고	final|unclassified	-	98984:98984001	138750|346144
ㄹ쏘냐	-ㄹ쏘냐	final	-	420609:420609001	138754
ㄹ쏜가	-ㄹ쏜가	final	-	420617:420617001	138756
ㄹ이만큼	-ㄹ이만큼	connective|unclassified	-	100318:100318001	138971
ㄹ작시면	-ㄹ작시면	connective	-	420611:420611001	138973
ㄹ지	-ㄹ지	connective|final	86686	99886:99886001	139170|139171
ㄹ지나	-ㄹ지나	connective	-	418323:418323001	382648
ㄹ지니	-ㄹ지니	connective	-	99869:99869001	139172
ㄹ지니라	-ㄹ지니라	final	-	99063:99063001	456353
ㄹ지라	-ㄹ지라	final	-	99064:99064001	139354
ㄹ지라도	-ㄹ지라도	connective	77051	420750:420750001	529851
ㄹ지로다	-ㄹ지로다	final	-	102013:102013001	493306
ㄹ지며	-ㄹ지며	connective	-	102014:102014001	456369
ㄹ지어다	-ㄹ지어다	final|unclassified	-	102015:102015001	139356|419395
ㄹ지언정	-ㄹ지언정	connective	77052	420569:420569001	139357
ㄹ진대	-ㄹ진대	connective	-	102016:102016001	139358
ㄹ진대는	-ㄹ진대는	unclassified	-	100114:100114001	139359
ㄹ진댄	-ㄹ진댄	unclassified	-	100115:100115001	419396
ㄹ진저	-ㄹ진저	final	-	101126:101126001	419417
ㅁ	-ㅁ|-ㅁ02	unclassified	78527	422575:422575001	1368208|143597
ㅁ마	-ㅁ마	final|unclassified	-	107973:107973001	530339
ㅁ세	-ㅁ세	final	78483	108980:108980001	419842
ㅁ에도	-ㅁ에도	connective	78533	-	-
ㅁ에랴	-ㅁ에랴	final	-	108983:108983001	383167
ㅂ네	-ㅂ네	final|unclassified	86556	430215:430215001	532228
ㅂ늰다	-ㅂ늰다	final	-	131352:131352001	384992
ㅂ니까	-ㅂ니까	final	79401	430216:430216001	160525
ㅂ니다	-ㅂ니다	final	79397	430217:430217001	421808
ㅂ디까	-ㅂ디까	final	80533	131611:131611001	160726
ㅂ디다	-ㅂ디다	final	80528	132508:132508001	532254
ㅂ딘다	-ㅂ딘다	final	-	130488:130488001	532256
ㅂ쇼	-ㅂ쇼	unclassified	-	126163:126163001	385010
ㅂ시다	-ㅂ시다	final	68883	425338:425338001	1379314|348640
ㅂ시사	-ㅂ시사	final	-	425339:425339001	532285
ㅂ시오	-ㅂ시오	final	-	128951:128951001	495701
ㅂ죠	-ㅂ죠	final|unclassified	80546	125357:125357001	458771
ㅂ지요	-ㅂ지요	final	80544	126701:126701001	348658
거나	-거나|-거나03	connective	66346	393083:393083001	339664|367721|370909
거늘	-거늘	connective	-	390389:390389001	3145|32081
거니	-거니|-거니02	connective|final|unclassified	66489	393063:393063001	30167|61322|81545|81546
거니와	-거니와	connective	66495	390533:390533001	3153|32129
거던	-거던	final|unclassified	-	12322:12322001	81658
거드면	-거드면	connective	-	12565:12565001	81809
거든	-거든|-거든02	connective|final	66501	390313:390313001	30171|30615|61326|61968
거들랑	-거들랑	connective|final	66511	13228:13228001	486800|486801
거라	-거라	final	66953	393946:393946001	412860|81271
건	-건|-건08|-건09	connective|unclassified	78515	14506:14506001|15528:15528001	376431|82335|82336
건대	-건대|-건대03|-건대04	connective|unclassified	78410	13708:13708001|395981:395981001	412948|82003
건마는	-건마는	connective	66935	391329:391329001	376422
건만	-건만	connective|unclassified	66934	13576:13576001	82256
걸랑	-걸랑|-걸랑02	connective|final|unclassified	66936	12548:12548001	597499|83259
것다	-것다	final	79269	396384:396384001	487000|523763
것마는	-것마는	connective|unclassified	-	16858:16858001	450286
게	-게|-게-|-게08|-게09|-게10	connective|final|unclassified	66938|66967|77326	16386:16386001|16621:16621001|391908:391908001	33428|4395|560529|63691|69546|71448|84249|84250|84296
게끔	-게끔	connective	88382	390853:390853001	560543
게나	-게나	final	66968	15343:15343001	560544
게시리	-게시리	connective|unclassified	-	14593:14593001	83941
겠	-겠-	unclassified	90137	394738:394738001	441229|444547|448036|448703|448925
고	-고|-고25|-고26	connective|final|unclassified	78583|85022	22723:22723001|394721:394721001	33114|33169|413596|4141|4199|63086|69585|71494|72322|87351
고는	-고는|-고는01|-고는02	connective	66989|66990	23863:23863001|23864:23864001	524340|88783
고도	-고도|-고도12	connective	78539	395684:395684001	377116
고말고	-고말고	final	66991	395908:395908001	88530
고서	-고서|-고서03	connective	78584	391448:391448001	1359691|89561
고야	-고야|-고야02	connective|unclassified	78597	25452:25452001	89753|89754
고자	-고자|-고자11	connective	78612	394282:394282001	340589
고저	-고저|-고저04	connective|unclassified	-	25011:25011001	89237
곤	-곤|-곤09|-곤10	connective|unclassified	89952|89954	26349:26349001|26553:26553001	91293|91294|91297|91298
관데	-관데	connective	-	400918:400918001	94658
구나	-구나|-구나03	final	73807	402166:402166001	97123
구려	-구려|-구려02	final	73809	396556:396556001	33766|4967
구료	-구료|-구료04	final|unclassified	-	37094:37094001	1269784|525291
구만	-구만|-구만02	unclassified	85029	394115:394115001	451746
구먼	-구먼	final|unclassified	73886	38175:38175001	525273
구면	-구면|-구면05	unclassified	-	38331:38331001	341470
군	-군|-군09	final|unclassified	73887	405401:405401001	35002|5423
기	-기|-기34	unclassified	72222	406228:406228001	104788|415489
기는	-기는	final	78756	-	-
기로	-기로|-기로03	connective	83916	49192:49192001	551920|555016
기로니	-기로니	unclassified	-	49193:49193001	105476
기로서	-기로서	connective|unclassified	83919	404912:404912001	342411
기로서니	-기로서니	connective|unclassified	83918	49069:49069001	342425
기로선들	-기로선들	unclassified	-	49070:49070001	105580
기에	-기에	connective	84811	49708:49708001	562954
긴	-긴	final	70647	-	-
길래	-길래|-길래02	connective|unclassified	73011	51911:51911001	563333
께	-께|-께02	final|unclassified	-	54744:54744001	109862
나	-나|-나-|-나10|-나11	connective|final|unclassified	76116|80176	405853:405853001|58355:58355001	113546|1368017|1818803|35402|379826|404808|407821|527071|699276|8706
나니	-나니	connective	-	408092:408092001	368298|371342
나마	-나마|-나마08	connective	80167	57618:57618001	379583
나이까	-나이까	final	-	58134:58134001	416361
나이다	-나이다	final	-	58135:58135001	112447
남	-남|-남08	final	73891	406773:406773001	343082
냐	-냐	final	76230	62481:62481001	115746
냐고	-냐고|-냐고01	final|unclassified	76243	407452:407452001	115747|552238|555209
냐느니	-냐느니	connective	88983	-	-
너라	-너라	final	68835	65027:65027001	116818
네	-네|-네05	final|unclassified	77333	407948:407948001	478900|481790|527186
노니	-노니|-노니03	connective|unclassified	-	411112:411112001	114350|343420|36965|9567
노라	-노라|-노라02	final|unclassified	-	408450:408450001	116487|116488|116673
노라고	-노라고	connective	-	66438:66438001	116674
노라니	-노라니	connective	-	408465:408465001	116676
노라니까	-노라니까	unclassified	-	66665:66665001	116677
노라면	-노라면	connective	-	66723:66723001	416885
뇨	-뇨|-뇨02	final	-	409254:409254001	117845
누	-누|-누07	final	-	68581:68581001	564343
누나	-누나|-누나02	final	-	69100:69100001	564430
누만	-누만|-누만02	final|unclassified	-	68648:68648001	118082
누먼	-누먼	final	-	409393:409393001	380293
느냐	-느냐	final	76231	409797:409797001	490917
느냐고	-느냐고|-느냐고01	final	76264	69967:69967001	36168|9687
느뇨	-느뇨	final	-	410083:410083001	117708
느니	-느니|-느니01|-느니02|-느니03	connective|final|unclassified	80839|85722|85723	410255:410255001|70028:70028001|70029:70029001	117709|117917|117918|416999
느니라	-느니라	final	86128	410256:410256001	117919
느니만	-느니만	connective	85725	69822:69822001	417025
느니만치	-느니만치	connective	-	69823:69823001	564325
느니만큼	-느니만큼	connective	85726	410257:410257001	527558
느라	-느라	connective	80328	410258:410258001	117921
느라고	-느라고	connective	80327	409975:409975001	403871|407919
느라니	-느라니	connective|unclassified	-	69454:69454001	564326
느라면	-느라면	connective|unclassified	-	69456:69456001	417026
는	-는|-는-|-는-02|-는03	final|unclassified	85852|85853	407005:407005001|71913:71913001	119673|564533
는가	-는가	final	89045	71331:71331001	1818799|275|37718
는감	-는감	final	73879	407006:407006001	119674
는걸	-는걸	final	81050	407180:407180001	119880
는고	-는고	final	73898	71157:71157001	440777|445070
는구나	-는구나	final	79273	71160:71160001	380514
는구려	-는구려	final	79406	71822:71822001	119882
는구료	-는구료	final|unclassified	-	70396:70396001	491145
는구만	-는구만	unclassified	85780	70398:70398001	417234
는구먼	-는구먼	final|unclassified	83733	70400:70400001	417235
는구면	-는구면	unclassified	-	70401:70401001	119884
는군	-는군	final|unclassified	81573	70450:70450001	551176|555355
는궈니	-는궈니	unclassified	-	70451:70451001	119885
는다	-는다|-는다01|-는다02	final	85037|85735	407517:407517001|71288:71288001	119886|380515|527739
는다고	-는다고|-는다고01|-는다고02	connective|final	74684|86058	407519:407519001|71289:71289001	403868|408092|440778|445071|448101
는다나	-는다나	final	74697	409851:409851001	119889
는다네	-는다네	final	75175	69323:69323001	344078
는다느니	-는다느니	connective	86068	69325:69325001	120091
는다니	-는다니|-는다니01|-는다니02	final	75475|85111	409679:409679001|69385:69385001	120093|120094
는다니까	-는다니까	final	74686	69386:69386001	120096
는다더라	-는다더라	final	-	517871:517871001	599954
는다마는	-는다마는	connective	80323	69387:69387001	120097
는다만	-는다만	connective|unclassified	80324	69388:69388001	527755
는다며	-는다며	final|unclassified	81465	409680:409680001	120098
는다면	-는다면	connective	68738	69389:69389001	417257
는다면서	-는다면서	final	78804	409489:409489001	120099
는다손	-는다손	connective	-	69603:69603001	120100
는다오	-는다오	final	79421	69604:69604001	120293
는다지	-는다지	final	76573	69554:69554001	120295
는단다	-는단다	final	79236	409653:409653001	380549
는담	-는담	final	73882	69557:69557001	491196
는답니까	-는답니까	final	78786	409669:409669001	380550
는답니다	-는답니다	final	81389	69609:69609001	454304
는답시고	-는답시고	connective	80317	409468:409468001	120299
는대	-는대	final	81509	69476:69476001	380551
는대요	-는대요	final	81135	69619:69619001	117088
는댄다	-는댄다	final|unclassified	-	70300:70300001	527461
는데	-는데	connective|final	85135	70302:70302001	1359699|281|37755
는뎁쇼	-는뎁쇼	final	-	409626:409626001	453961
는도다	-는도다	final	85737	533522:533522001	1379326
는바	-는바	connective	87111	409637:409637001	416940
는지	-는지	connective|final	87430	409801:409801001	285|37801
는지고	-는지고	final	-	71249:71249001	120726
는지라	-는지라	connective	-	71250:71250001	120727
늬라고	-늬라고	connective|unclassified	-	71355:71355001	564934
니	-니|-니02|-니03|-니04|-니05	connective|final|unclassified	76420|76426|80144|85823	407183:407183001|410501:410501001|70830:70830001|70831:70831001	123648|123649|123650|123651|344459|37072|882
니까	-니까	connective|unclassified	80139	409839:409839001	120757
니까느루	-니까느루	unclassified	-	73168:73168001	120759
니까는	-니까는	connective|unclassified	80149	73169:73169001	120760
니깐	-니깐	connective|unclassified	80155	73171:73171001	120762
니라	-니라|-니라02	final|unclassified	86127	72301:72301001	121189|527868
니만치	-니만치	connective	-	71934:71934001	121407
니만큼	-니만큼	connective	85727	71935:71935001	121609
다	-다|-다-|-다06|-다07	connective|final|unclassified	85041|85739	410584:410584001|73465:73465001	1425933|270|271|37713|37714|417594|564893|64124|64125
다가	-다가|-다가03	connective	85740	410919:410919001	1379316|272|37715|64126
다가는	-다가는	connective	73730	410878:410878001	276|37719
다간	-다간|-다간02	connective|unclassified	73746	74015:74015001	514529|518683
다고	-다고|-다고02|-다고03	connective|final	73900|85793	411125:411125001|72515:72515001	226|294|37810|37811|64185
다나	-다나	final	74698	72939:72939001	527958
다네	-다네	final	75191	410688:410688001	564786
다느니	-다느니	connective	86911	407356:407356001	122291
다니	-다니|-다니01|-다니02	final|unclassified	74141|74142	407359:407359001|72526:72526001	122480|122482|380793
다니까	-다니까	final	74687	72527:72527001	122483
다더라	-다더라	final	-	517873:517873001	599956
다마는	-다마는	connective	80321	410801:410801001	121032
다마다	-다마다	final	75968	74103:74103001	121033
다만	-다만|-다만02	connective|unclassified	80322	74237:74237001	564693
다며	-다며	final|unclassified	81466	410760:410760001	121254
다면	-다면|-다면02	connective	68834	74106:74106001	121256
다면서	-다면서	final	78806	411062:411062001	344215
다손	-다손	connective	-	72023:72023001	121263
다시피	-다시피	connective	80319	410412:410412001	37672|848
다오	-다오	final	79419	409874:409874001	417575
다지	-다지|-다지02	final	76576	412615:412615001	417603
단	-단|-단19	connective|unclassified	86205	73625:73625001	477828|481936|527789
단다	-단다	final	79234	412745:412745001	380880
담	-담|-담12	final	73883	76355:76355001	126132
답니까	-답니까	final	78797	414058:414058001	491979
답니다	-답니다	final	81393	77634:77634001	418091
답시고	-답시고	connective	80318	411106:411106001	124290
대	-대|-대17	final	81516	79466:79466001	528527
대요	-대요|-대요02	final	81163	411447:411447001	344580
댄다	-댄다	final|unclassified	-	80992:80992001	129243
더	-더-|-더-02	unclassified	85794	82430:82430001	130745
더구나	-더구나|-더구나02	final	76568	414948:414948001	565367
더구려	-더구려	final	79408	81542:81542001	127495
더구료	-더구료	final|unclassified	-	83046:83046001	127496
더구만	-더구만	unclassified	85759	83048:83048001	344880
더구먼	-더구먼	final|unclassified	83735	83049:83049001	455065
더구면	-더구면	unclassified	-	83050:83050001	528544
더군	-더군	final|unclassified	81572	82821:82821001	368278|371536
더냐	-더냐	final	76242	414942:414942001	127723
더뇨	-더뇨	final	-	414915:414915001	127952
더니	-더니|-더니01|-더니02|-더니03	connective|final	81522|85795	415091:415091001|82502:82502001|82503:82503001	127954|344918|37349|63936|8015
더니라	-더니라	final	-	414916:414916001	128163
더니마는	-더니마는	connective	85796	414890:414890001	37350|63937|8016
더니만	-더니만	connective|unclassified	85826	84300:84300001	368186|371643|374450
더니이까	-더니이까	final	-	82950:82950001	528621
더니이다	-더니이다	final	-	83261:83261001	128164
더라	-더라	final	81524	412877:412877001	1577965|565548
더라나	-더라나	final	85827	412878:412878001	129022
더라니	-더라니|-더라니01	final	75986	81351:81351001	129024
더라니까	-더라니까	final	81526	412278:412278001	528729
더라도	-더라도	connective	80204	81352:81352001	129027
더라며	-더라며	final|unclassified	81531	81353:81353001	129028
더라면	-더라면	connective	85829	81405:81405001	129029
더라면서	-더라면서	final	81529	412452:412452001	528749
더라손	-더라손	connective	-	83471:83471001	381512
더라지	-더라지	final	-	82460:82460001	129250
더람	-더람	final	-	412277:412277001	528750
더이까	-더이까	final	-	83029:83029001	128178
더이다	-더이다	final|unclassified	-	412374:412374001	128179|528626
던	-던|-던02|-던03	final|unclassified	77062|86038	416298:416298001|81695:81695001	130322|1392122|381625|418421
던가	-던가	final	89043	412704:412704001	1818802|38231|7251
던감	-던감	final	73880	81698:81698001	130324
던걸	-던걸	final	81056	83461:83461001	130325
던고	-던고	final	73892	415721:415721001	368191|371649
던데	-던데	connective|final	85634	415348:415348001	38278|7259
던들	-던들	connective	80347	415349:415349001	130535
던바	-던바	connective	87113	415331:415331001	130539
던지	-던지	connective	87431	83003:83003001	130767
데	-데|-데03	final	77242	415074:415074001	127778
데요	-데요	final	86256	511743:511743001	591789
도다	-도다	final	86273	83753:83753001	130403
도록	-도록|-도록05	connective|final|unclassified	80286	415683:415683001	381392|418188|418189
되	-되|-되04	connective	80289	90888:90888001	403884|408132|411062
드구나	-드구나	final|unclassified	-	417227:417227001	137076
드구료	-드구료	final|unclassified	-	92611:92611001	137077
드구면	-드구면	unclassified	-	93855:93855001	456165
드군	-드군	final|unclassified	-	417204:417204001	419131
드냐	-드냐	final|unclassified	-	92629:92629001	419151
드니	-드니|-드니02	final|unclassified	-	92870:92870001	566133
드니라	-드니라	final|unclassified	-	92871:92871001	134457
드라	-드라	final|unclassified	-	92689:92689001	134644
드라도	-드라도	connective|unclassified	-	92691:92691001	134646
드라면	-드라면	connective|unclassified	-	419657:419657001	134647
드래도	-드래도	connective|unclassified	-	92547:92547001	418936
든	-든|-든02|-든03	connective|unclassified	86262	94881:94881001|94882:94882001	136291|456069|566373|597512
든가	-든가|-든가02|-든가03	connective|final|unclassified	82342	94325:94325001|94884:94884001	1272428|136293|1682|39157
든걸	-든걸	final|unclassified	-	94114:94114001	136297
든고	-든고	final|unclassified	-	94115:94115001	136298
든데	-든데	connective|final|unclassified	-	419357:419357001	1272429|136301
든들	-든들	connective|unclassified	-	94361:94361001	529506
든지	-든지|-든지02|-든지03	connective|unclassified	82337	417515:417515001|94198:94198001	1772|382343|39244
듯	-듯|-듯02	connective|unclassified	80280	94247:94247001	492747
듯이	-듯이|-듯이02	connective	80282	94654:94654001	529278
디	-디|-디07|-디08	connective|final|unclassified	77063|86265	419749:419749001|96198:96198001	135551|135552|135554|345793|418989|418990|529415
라	-라|-라06|-라07|-라08	connective|final|unclassified	79275|80212|80698	100103:100103001|417460:417460001|419180:419180001	1360050|1369723|139956|139957|139958|1767|566782
라고	-라고|-라고03|-라고04|-라고05	connective|final	73964|86367|86501	100496:100496001|421253:421253001|534431:534431001	1753080|403914|408226|554503|554523|557962|558083|558787
라구	-라구|-라구01|-라구02	connective|final|unclassified	-	100970:100970001|100971:100971001	1272496|1272497|1272498|1272499|1272501|140150|382749
라나	-라나|-라나01|-라나02	final	74718	421042:421042001|535747:535747001	39130|709
라네	-라네	final	75476	100205:100205001	140383
라느니	-라느니	connective	86079	420791:420791001	39189|723
라니	-라니|-라니01|-라니02	final|unclassified	81584|85121	100482:100482001|420805:420805001	346316|346317|493424
라니까	-라니까	final	74688	419301:419301001	404168|407373
라도	-라도|-라도02	connective	80246	100667:100667001	140591
라며	-라며	final|unclassified	81469	420630:420630001	331097|334195
라면	-라면|-라면02	connective	68832	100466:100466001	493234
라면서	-라면서	final	78807	420610:420610001	3008|31517
라서	-라서|-라서02	connective	80211	98924:98924001	139366
라손	-라손	connective	-	421479:421479001	1523|38806
라야	-라야|-라야02	connective	80230	420784:420784001	419500
라야만	-라야만|-라야만02	connective|unclassified	80237	99994:99994001	140390
라오	-라오	final	70299	419493:419493001	493425
라지	-라지	final	76586	100977:100977001	139373
락	-락	connective|unclassified	86528	100254:100254001	137919|419192|419218
란다	-란다	final	79255	419175:419175001	529907
람	-람	final	73885	419391:419391001	39544|627
랍니까	-랍니까	final	78803	420798:420798001	456307
랍니다	-랍니다	final	76427	101090:101090001	138597
랍시고	-랍시고	connective	80309	422584:422584001	138789
래	-래	final|unclassified	77309	421646:421646001	1368019|139789
래요	-래요	final	81093	422169:422169001	1368020|140207
랴	-랴|-랴01|-랴02	connective|final|unclassified	79260|80308	101170:101170001|421873:421873001	139234|139235|514576|518875
랴마는	-랴마는	connective	-	101173:101173001	493316
러	-러|-러-	connective|unclassified	80300	420996:420996001	138849|493263
러니	-러니	connective	-	420787:420787001	493264
러니라	-러니라	final	-	100288:100288001	346174
러니이까	-러니이까	final	-	420788:420788001	139051
러니이다	-러니이다	final	-	101540:101540001	382634
러라	-러라	final|unclassified	-	101185:101185001	346196|346197
러이까	-러이까	final	-	421891:421891001	140020
러이다	-러이다	final	-	100106:100106001	140021
런가	-런가	final|unclassified	-	421032:421032001	140236|419489
런들	-런들	connective	-	424659:424659001	140666
려	-려|-려-	connective|unclassified	80301	103187:103187001	139648|139649|38893|683
려거든	-려거든	connective	80334	417120:417120001	139847
려고	-려고	connective|final	68846	419620:419620001	334080|337466|346255
려나	-려나	final	79262	104165:104165001	140057
려니	-려니	final|unclassified	86544	103706:103706001	140253|140254
려니와	-려니와	connective	86083	104028:104028001	330840|335002
려든	-려든	connective	-	418700:418700001	140490
려마	-려마	unclassified	-	104092:104092001	140494
려면	-려면	connective	80311	421880:421880001	38946|64477|698
려무나	-려무나	final	79266	102960:102960001	140499
련	-련	final	76564	421445:421445001	383023
련마는	-련마는	connective	86545	422318:422318001	143602
련만	-련만	connective|unclassified	86546	421884:421884001	143606
렴	-렴	final	79340	103161:103161001	143411
렵니까	-렵니까	final	86548	421869:421869001	419876
렵니다	-렵니다	final	86549	103221:103221001	144053
렷다	-렷다	final	79268	421635:421635001	39037|604
로고	-로고|-로고03	final	-	421415:421415001	419877
로고나	-로고나	final|unclassified	-	103256:103256001	383173
로구나	-로구나	final	79271	417132:417132001	143882
로구려	-로구려	final	79405	104168:104168001	143883
로구료	-로구료	final|unclassified	-	104169:104169001	530376
로구만	-로구만|로구만	unclassified	92511	104170:104170001	38943|695
로구먼	-로구먼	final|unclassified	83734	417297:417297001	143884
로구면	-로구면	unclassified	-	104171:104171001	143885
로군	-로군	final|unclassified	81575	417298:417298001	551225|555476
로다	-로다	final|unclassified	89451	101385:101385001	144488|144489|419963
로되	-로되	connective	86551	104657:104657001	514574|518828
로라	-로라	final|unclassified	-	417638:417638001	142505|346552|346553
로서니	-로서니	unclassified	-	103018:103018001	346554
로세	-로세	final	81535	103087:103087001	567062
리	-리|-리-|-리-13|-리14	final|unclassified	52609|52612	418970:418970001|420303:420303001	142176|142177|40151|514505|518941|63|64537
리까	-리까	final	-	422697:422697001	1|39911
리니	-리니	connective	-	418663:418663001	39919|9
리니라	-리니라	final	-	106322:106322001	383094
리다	-리다	final	-	107480:107480001	10|39963
리라	-리라|-리라03	final	79280	106325:106325001	29|39970
리로다	-리로다	final	-	106383:106383001	38|40024
리만치	-리만치	connective	-	106424:106424001	493473
리만큼	-리만큼	connective	87692	422691:422691001	140890
리오	-리오|-리오02	final	79282	106720:106720001	144411
마	-마|-마10	final	76232	108090:108090001	383168
매	-매|-매15	connective|unclassified	86085	420420:420420001	145725|145727|420099
며	-며|-며02	connective	80253	115430:115430001	39723|6130
면	-면|-면10	connective	80259	425077:425077001	39832|6239|64059|70167
면서	-면서	connective	80266	425380:425380001	331388|335117
므로	-므로	connective	80268	427932:427932001	495110
사	-사|-사35	unclassified	-	164765:164765001	182142|424148
사오	-사오-|-사오-05	unclassified	-	438493:438493001	188130
사오니까	-사오니까	final	-	436361:436361001	188132
사오리까	-사오리까	final	-	439690:439690001	351678
사오리다	-사오리다	final	-	164739:164739001	13137|44377
사오리이까	-사오리이까	final	-	439691:439691001	188307
사오리이다	-사오리이다	final	-	164740:164740001	351679
사오이다	-사오이다	final	-	439693:439693001	188310
사옵	-사옵-	unclassified	-	168642:168642001	185238
사옵나이까	-사옵나이까	final	-	438658:438658001	498329
사옵나이다	-사옵나이다	final	-	168649:168649001	185239
사옵니까	-사옵니까	final	-	438659:438659001	461420
사옵니다	-사옵니다	final	-	168650:168650001	185240
사옵디까	-사옵디까	final	-	438660:438660001	185241
사옵디다	-사옵디다	final	-	168651:168651001	351316
사옵시	-사옵시-	unclassified	-	168652:168652001	185242
사와	-사와|-사와02	connective	-	168945:168945001	185244
사외다	-사외다	unclassified	-	169233:169233001	185463
사이다	-사이다|-사이다04	final	-	161001:161001001	187941
삽	-삽-|-삽-02	unclassified	-	168588:168588001	189947
세	-세|-세11	final	78404	445280:445280001	352684
세나	-세나	final	78469	187103:187103001	197292
세요	-세요|-세요03	final|unclassified	86558	442947:442947001	197327
셔요	-셔요	final|unclassified	86559	191144:191144001	198841
소	-소|-소17	final	66509	449608:449608001	462814
소다	-소다|-소다02	final|unclassified	-	185094:185094001	14068|44875
소서	-소서|-소서06	final	78535	445685:445685001	200506
소이까	-소이까	final	-	193336:193336001	463216
소이다	-소이다	unclassified	-	451295:451295001	201183
쇠다	-쇠다|-쇠다03	unclassified	-	195106:195106001	536677
습네	-습네	final|unclassified	86561	199600:199600001	209181|537761
습늰다	-습늰다	final	-	200215:200215001	464098
습니까	-습니까	final	79402	200217:200217001	353969
습니다	-습니다	final	79398	451593:451593001	209362
습디까	-습디까	final	80536	451739:451739001	426848
습디다	-습디다	final	80530	201133:201133001	206243
습딘다	-습딘다	final	-	451740:451740001	206245
습죠	-습죠	final|unclassified	80550	203097:203097001	207675
습지요	-습지요	final	80547	450564:450564001	207684
시	-시|-시-|-시-19	unclassified	80330	450469:450469001	207094|207095|207096|207102
시라	-시라|-시라02	final	-	450900:450900001	206927
시압	-시압	final	-	450860:450860001	208426
시어요	-시어요	final	86562	450344:450344001	209049
십사	-십사|-십사02	final	80933	203561:203561001	575098
십시다	-십시다	final	68885	203577:203577001	427870
십시오	-십시오	final	66884	208040:208040001	575142
아	-아|-아-|-아10	connective|final|unclassified	86093	455571:455571001	214906|214908|30245|354595|61871|68329
아다	-아다	connective|unclassified	86096	453342:453342001	213042|213043
아다가	-아다가	connective	86098	213408:213408001	574878
아도	-아도|-아도04	connective	80206	454663:454663001	213597
아라	-아라	final|unclassified	80664	455192:455192001	214583|214755|442504|446166|501583
아라우	-아라우|-아라우02	final|unclassified	-	207649:207649001	215124
아서	-아서|-아서02	connective	80220	215392:215392001	16746|48085|657958
아서야	-아서야	connective	86567	-	-
아야	-아야|-아야02	connective	80222	456523:456523001	16683|47987
아야만	-아야만	connective	80232	217880:217880001	501844
아야지	-아야지|-아야지01|-아야지02	connective|final	80239|80773	217882:217882001|456351:456351001	217321|479614|483088
아요	-아요	final	86568	215777:215777001	218518
아지이다	-아지이다	final	-	454940:454940001	218006
았	-았-	unclassified	66954	457085:457085001	479558|483099|485064
았었	-았었-	unclassified	68836	218917:218917001	465357
았자	-았자	unclassified	-	219164:219164001	220306
야	-야|-야-|-야11	connective|final|unclassified	80806|86101	220410:220410001	221913|355382|355383
야만	-야만	connective	85767	-	-
야지	-야지	final	86104	-	-
어	-어|-어-|-어06	connective|final|unclassified	86094	460564:460564001	222887|223109|30358|465667|61949|68374
어다	-어다	connective	86097	460537:460537001	222682
어다가	-어다가	connective	86099	226512:226512001	502452
어도	-어도|-어도02	connective	80207	458663:458663001	222892
어라	-어라	final|unclassified	80682	456584:456584001	16174|428888|48118
어서	-어서|-어서03	connective	80215	232386:232386001	553057|556597|657959
어서야	-어서야	connective	86569	-	-
어야	-어야|-어야02	connective	80224	231215:231215001	405789|409280
어야만	-어야만	connective	80233	460875:460875001	223625
어야지	-어야지|-어야지01|-어야지02	connective|final	80240|80771	231217:231217001|231218:231218001	442739|446295|576073
어요	-어요	final	86571	459552:459552001	224385
어지이다	-어지이다	final	-	221967:221967001	428893
언마는	-언마는	unclassified	-	455825:455825001	224422
언만	-언만	unclassified	-	232438:232438001	392214
언정	-언정|-언정02	connective	-	227882:227882001	465677
었	-었-	unclassified	68719	462343:462343001	17115|48993|65682
었었	-었었-	unclassified	68838	235322:235322001	226827
었자	-었자	unclassified	-	533732:533732001	1658499
에라	-에라|-에라02	final|unclassified	-	229012:229012001	227049|539733
에요	-에요	final	86106	229460:229460001	539876
여	-여|-여-|-여23	connective|final|unclassified	86095	232251:232251001	226886|227091|30440|429181|62066|68418
여다	-여다	connective	86144	519070:519070001	1369642
여다가	-여다가	connective	86143	519071:519071001	1369641
여도	-여도|-여도05	connective	80203	234318:234318001	392378
여라	-여라|-여라02	final	80706	228005:228005001	16939|48695
여서	-여서|-여서03	connective	80210	459168:459168001	1358429|17558|48547
여서야	-여서야	connective	86584	-	-
여야	-여야|-여야03	connective	80225	457374:457374001	553092|556612
여야만	-여야만	connective	80236	519072:519072001	1369643
여야지	-여야지|-여야지01|-여야지02	connective|final	80241|80776	232175:232175001|232176:232176001	17382|227935|49173
여요	-여요|-여요04	final	86585	233418:233418001	228156
여지이다	-여지이다	final	-	230690:230690001	539740
연만	-연만|-연만03	unclassified	-	236237:236237001	226080
였	-였-	unclassified	68723	461054:461054001	18267|49028|66005
였었	-였었-	unclassified	68840	238700:238700001	230185
였자	-였자	unclassified	-	238701:238701001	429531
오	-오|-오-|-오-18|-오19	final|unclassified	86107|86112	241320:241320001|241321:241321001	229408|232851|232852|576749
오니까	-오니까	final	-	237683:237683001	233226
오리까	-오리까	final	-	459339:459339001	467133
오리다	-오리다|-오리다02	final	-	240586:240586001	17698|49281
오리이까	-오리이까	final	-	461651:461651001	356681
오리이다	-오리이다	final	-	241452:241452001	466810
오이까	-오이까	final	-	518960:518960001	1359714
오이다	-오이다	final	-	461242:461242001	540476
올습니다	-올습니다	final|unclassified	-	238821:238821001	235285
올시다	-올시다	final	-	238823:238823001	235286
옵	-옵|-옵-	unclassified	86109	463821:463821001	235741|430148|467077
옵나이까	-옵나이까	final	-	464054:464054001	393399
옵나이다	-옵나이다	final	-	245339:245339001	235742
옵니까	-옵니까	final	-	464055:464055001	235743
옵니다	-옵니다	final	-	245340:245340001	540667
옵디까	-옵디까	final	-	464056:464056001	467078
옵디다	-옵디다	final	-	248178:248178001	235744
옵소서	-옵소서	final	-	464117:464117001	235928
옵시	-옵시-	unclassified	-	246764:246764001	503872
와	-와|-와04	unclassified	-	459714:459714001	356640|429840|577117
외다	-외다|-외다04	unclassified	-	241788:241788001	239663
요	-요|-요-|-요15	connective|unclassified	86117	243541:243541001	238874|577767
우	-우|-우-|-우15|-우16	final|unclassified	86113	249179:249179001|464919:464919001	238287|238288|504159
으께	-으께	final|unclassified	-	257235:257235001	542140
으나	-으나	connective|unclassified	80160	262049:262049001	19915|51929|66759
으나마	-으나마	connective	80164	467761:467761001	249651
으냐	-으냐	final	76235	262342:262342001	249652
으냐고	-으냐고|-으냐고01	final|unclassified	79258	467762:467762001	19916|51930|542141
으냐느니	-으냐느니	connective	88987	-	-
으뇨	-으뇨	final	-	470486:470486001	468672
으니	-으니|-으니01|-으니02|-으니03|-으니04	connective|final|unclassified	80142|80836|80851|89396	262907:262907001|262908:262908001|470591:470591001|470592:470592001	1392171|249849|249850|249851|249852|394979|479963|483428
으니까	-으니까	connective|unclassified	80137	470593:470593001	542173
으니까느루	-으니까느루	unclassified	-	262911:262911001	578980
으니까는	-으니까는	connective|unclassified	80148	262912:262912001	468674
으니깐	-으니깐	connective|unclassified	80154	255917:255917001	505476
으니라	-으니라	final|unclassified	86126	467852:467852001	249854|249855
으니라고	-으니라고	final	-	533593:533593001	1392170
으니만치	-으니만치	connective	-	467853:467853001	249856
으니만큼	-으니만큼	connective	85728	255919:255919001	394980
으되	-으되	connective	80291	468157:468157001	20068|51195|66806
으라	-으라	final|unclassified	80715	261285:261285001	19445|505151|51374
으라고	-으라고|-으라고01|-으라고02	connective|final	80875|87174	261286:261286001|534430:534430001	1753076|19578|51498
으라나	-으라나	final	80882	261287:261287001	394662
으라느니	-으라느니	connective	86080	468333:468333001	358158
으라니까	-으라니까	final	74690	261182:261182001	541882
으라며	-으라며	final|unclassified	81479	468230:468230001	468400
으라면서	-으라면서	final	78808	468231:468231001	247192
으라손	-으라손	connective	-	261442:261442001	247193
으락	-으락	connective	89695	467938:467938001	247195
으란	-으란	unclassified	-	261447:261447001	394681
으람	-으람	final	73884	261986:261986001	431489
으랴	-으랴|-으랴01|-으랴02	connective|final	79261|80306	261995:261995001|471974:471974001	247393|369552|373084
으랴마는	-으랴마는	connective	-	262012:262012001	247394
으러	-으러	connective	80303	262013:262013001	247395
으려	-으려	connective	80304	262016:262016001	19738|51660
으려거든	-으려거든	connective	80336	262309:262309001	247615
으려고	-으려고	connective|final	69067	471791:471791001	481109|484600|505219
으려나	-으려나	final	79263	262592:262592001	394722
으려니	-으려니	final|unclassified	86601	471962:471962001	247622|578730
으려니와	-으려니와	connective	86084	471963:471963001	406033|409623
으려든	-으려든	connective	-	468514:468514001	247824
으려마	-으려마	unclassified	-	267358:267358001	578761
으려면	-으려면	connective	80312	468515:468515001	516700|520252|521913
으려무나	-으려무나	final	79265	267609:267609001	578762
으련	-으련	final	76567	472010:472010001	247827
으련마는	-으련마는	connective	86602	267614:267614001	247829
으련만	-으련만	connective|unclassified	86603	472011:472011001	247830
으렴	-으렴	final	79343	267616:267616001	247831
으렵니까	-으렵니까	final	86604	264874:264874001	468487
으렵니다	-으렵니다	final	86605	264875:264875001	248032
으렷다	-으렷다	final	79270	472174:472174001	19844|51816
으리	-으리|-으리-|-으리-01|-으리02	final|unclassified	86606|86607	259436:259436001|466900:466900001	20151|20152|248256|51274|51275|67002
으리까	-으리까	final	-	466886:466886001	20153|51276
으리니	-으리니	connective	-	259438:259438001	19556|50822
으리니라	-으리니라	final	-	255462:255462001	431583
으리다	-으리다	final	-	259749:259749001	442954|446543
으리라	-으리라	final	79281	470686:470686001	553333|556813
으리로다	-으리로다	final|unclassified	-	470700:470700001	19557|248258|50823
으리만치	-으리만치	connective	-	255481:255481001	431584
으리만큼	-으리만큼	connective	86608	255482:255482001	248260
으리오	-으리오	final|unclassified	79283	256104:256104001	248461|394802
으마	-으마	final|unclassified	76233	467095:467095001	248464|248465
으매	-으매	connective	86086	467108:467108001	578823
으며	-으며	connective	80257	256123:256123001	19719|50997
으면	-으면	connective	80262	467079:467079001	479936|483421|485122|485545
으면서	-으면서	connective	80267	256660:256660001	19720|50998
으므로	-으므로	connective	80270	470520:470520001	248649
으사	-으사	unclassified	-	256679:256679001	248654
으사이다	-으사이다	final	-	470513:470513001	542048
으세	-으세	final	78434	467085:467085001	248847
으세나	-으세나	final	-	535737:535737001	1817859
으세요	-으세요	final|unclassified	86609	261778:261778001	394856
으셔요	-으셔요	final|unclassified	86611	261779:261779001	248848
으소서	-으소서	final	80927	467087:467087001	394857
으시	-으시|-으시-	unclassified	80329	255921:255921001	249254|249255|358391
으시라	-으시라	final	-	467856:467856001	249259
으시압	-으시압	final	-	467858:467858001	249262
으시어요	-으시어요	final	86612	255927:255927001	249437
으십사	-으십사	final	80937	465366:465366001	249440
으십시다	-으십시다	final	68887	256228:256228001	249441
으십시오	-으십시오	final	66348	256229:256229001	505424
으오	-으오|-으오-|-으오-01|-으오02	final|unclassified	86108|86114	256813:256813001|473628:473628001	249657|249658
으오니까	-으오니까	final	-	256814:256814001	468655
으오리까	-으오리까	final	-	470866:470866001	249659
으오리다	-으오리다	final	-	257091:257091001	553326|556886
으오리이까	-으오리이까	final	-	261290:261290001	468656
으오리이다	-으오리이다	final	-	261291:261291001	358434
으오이다	-으오이다	final	-	261292:261292001	505454
으옵	-으옵-	unclassified	86110	468334:468334001	249660
으옵나이까	-으옵나이까	final	-	258474:258474001	431758
으옵나이다	-으옵나이다	final	-	468335:468335001	249661
으옵니까	-으옵니까	final	-	258742:258742001	358435
으옵니다	-으옵니다	final	-	468518:468518001	578981
으옵디까	-으옵디까	final	-	258743:258743001	249857
으옵디다	-으옵디다	final	-	467133:467133001	249858
으옵소서	-으옵소서	final	-	258744:258744001	249859
으옵시	-으옵시-	unclassified	-	258745:258745001	431790
으와	-으와	unclassified	-	467134:467134001	505477
으외다	-으외다	unclassified	-	258746:258746001	542174
으우	-으우	final	86115	261451:261451001	249860
으이	-으이	final|unclassified	80950	261465:261465001	249862|394981
은	-은|-은05	unclassified	80344	264585:264585001	516707|520172|521895
은가	-은가|-은가02	final	86125	264587:264587001	1818801|19920|51079
은감	-은감|-은감02	final	73888	263793:263793001	247206
은걸	-은걸	final	81040	473112:473112001	553381|556849
은고	-은고|-은고03	final	73901	470081:470081001	20076|51203
은데	-은데	connective|final	85633	256952:256952001	1359700|248049|600413
은뎁쇼	-은뎁쇼	final	-	467764:467764001	541975
은들	-은들	connective	80345	261509:261509001	248277
은바	-은바	connective	87112	473053:473053001	19881|51822
은즉	-은즉	connective	-	470293:470293001	578803
은즉슨	-은즉슨	unclassified	-	261798:261798001	358272
은지	-은지|-은지04	connective|final	87432	470679:470679001	479915|483474
은지고	-은지고	final	-	261802:261802001	442948|446612
은지라	-은지라	connective	-	262056:262056001	369548|373091
을	-을|-을03	unclassified	69058	260707:260707001	332860|336336
을거나	-을거나	final	80970	260978:260978001	247022
을걸	-을걸	final	76475	261623:261623001	406020|409606
을게	-을게	final	80981	473297:473297001	431441
을까	-을까	final	86120	469812:469812001	19882|51823
을깝쇼	-을깝쇼	final	-	262164:262164001	247216
을께	-을께	final|unclassified	-	262165:262165001	431468
을꼬	-을꼬	final	81026	469813:469813001	19883|51824
을는지	-을는지	connective|final	86615	262178:262178001	407267|410859|431469
을데라니	-을데라니	final	-	262180:262180001	247220
을라	-을라	final|unclassified	77346	469649:469649001	247221|247222|394683
을라고	-을라고	final	79416	259769:259769001	394684
을라치면	-을라치면	connective	86616	255495:255495001	247224
을락	-을락	connective|unclassified	85782	466863:466863001	247225|505182
을래	-을래	final	81065	255513:255513001	247429
을러니	-을러니	connective	-	466880:466880001	358176
을러라	-을러라	final	-	262369:262369001	247439
을런가	-을런가	final	-	262372:262372001	247651
을런고	-을런고	unclassified	-	471803:471803001	247652
을런지	-을런지	connective|final|unclassified	-	262033:262033001	1268571|1268572|505223
을레	-을레	final	-	266470:266470001	468443
을레라	-을레라	final	-	266471:266471001	247653
을려고	-을려고	connective|final|unclassified	-	473232:473232001	1268574|1268576|431521
을망정	-을망정	connective	80274	473234:473234001	247658
을밖에	-을밖에	final	85772	267057:267057001	468468
을뿐더러	-을뿐더러	connective	74021	472009:472009001	247861
을사	-을사|-을사03	final	-	264577:264577001	51329
을새	-을새	connective	-	469720:469720001	541952
을세	-을세|-을세01|-을세02	final	79279	264580:264580001|264581:264581001	358248|479922|483412
을세라	-을세라	connective|final	86619	266229:266229001	248062|30565|62582
을세말이지	-을세말이지	final	-	473127:473127001	541977
을소냐	-을소냐	unclassified	-	266230:266230001	541978
을손가	-을손가	final|unclassified	-	266231:266231001	578780
을수록	-을수록	connective	74356	266232:266232001	358249
을시	-을시|-을시02	unclassified	-	473312:473312001	248064
을시고	-을시고	final	-	266506:266506001	248065
을싸록	-을싸록	connective|unclassified	-	266507:266507001	248066
을쏘냐	-을쏘냐	unclassified	-	266509:266509001	541979
을쏜가	-을쏜가	final	-	469778:469778001	248068
을이만큼	-을이만큼	connective|unclassified	-	469891:469891001	358275
을작시면	-을작시면	connective	-	469894:469894001	431589
을지	-을지	connective|final	86133	261887:261887001	19723|51001
을지나	-을지나	connective	-	468958:468958001	505316
을지니	-을지니	connective	-	261888:261888001	248503
을지니라	-을지니라	final	-	468959:468959001	358300
을지라	-을지라	final	-	261889:261889001	505317
을지라도	-을지라도	connective	77049	468947:468947001	394808
을지로다	-을지로다	final	-	261890:261890001	248504
을지며	-을지며	connective	-	261897:261897001	248505
을지어다	-을지어다	final	-	261899:261899001	468565
을지언정	-을지언정	connective	77050	468949:468949001	358328
을진대	-을진대	connective	-	262182:262182001	248683
을진대는	-을진대는	unclassified	-	262183:262183001	248684
을진댄	-을진댄	unclassified	-	262464:262464001	394837
을진저	-을진저	final	-	469814:469814001	394838
음	-음|-음08	unclassified	78528	466648:466648001	1368210|248892
음세	-음세|-음세02	final	78496	468964:468964001	578828
음에도	-음에도	connective	78531	-	-
음에랴	-음에랴	final	-	256548:256548001	394985
읍늰다	-읍늰다	final|unclassified	-	256581:256581001	249730
읍니까	-읍니까	final|unclassified	-	256582:256582001	249731
읍니다	-읍니다	final|unclassified	-	256846:256846001	578963
읍디까	-읍디까	final|unclassified	-	256850:256850001	431801
읍디다	-읍디다	final|unclassified	-	256853:256853001	249919
읍딘다	-읍딘다	final|unclassified	-	256855:256855001	249921
읍쇼	-읍쇼	unclassified	-	257452:257452001	246634
읍시다	-읍시다	final	68880	470851:470851001	246635
읍시사	-읍시사	final	-	257454:257454001	246637
읍시오	-읍시오	final	-	470852:470852001	541808
읍죠	-읍죠	final|unclassified	-	258052:258052001	431397
읍지요	-읍지요	final|unclassified	-	258056:258056001	246652
의	-의|-의11	unclassified	-	267238:267238001	247069|541869
이	-이|-이-|-이26	final|unclassified	80952	267404:267404001	247549|541914
자	-자|-자22|-자23|-자24	connective|final	76236|83895|86134	281805:281805001|281806:281806001|471846:471846001	253562|253563|406072|409550|411359
자고	-자고|-자고09	connective|final	81082|83893	476095:476095001	20280|51246
자구	-자구|-자구10	final|unclassified	-	274800:274800001	1268744|20534|256117|52454
자꾸나	-자꾸나	final	81076	274632:274632001	469257
자나	-자나|-자나02	final	-	535748:535748001	1818798
자느니	-자느니	connective	86070	474835:474835001	359120
자니까	-자니까	final	74689	472485:472485001	255946
자마자	-자마자	connective	80340	472556:472556001	395568
자며	-자며	final|unclassified	81474	269458:269458001	256168
자면	-자면|-자면03	connective	80338	269727:269727001	469347
자면서	-자면서	final	78809	270021:270021001	469348
자손	-자손|-자손02	connective	-	269776:269776001	259749
자오	-자오-|-자오-03	unclassified	-	471776:471776001	257308
자옵	-자옵-	unclassified	-	270315:270315001	257489
자옵시	-자옵시-	unclassified	-	473522:473522001	543046
잡	-잡-|-잡-02	unclassified	-	475631:475631001	258781
죠	-죠	final|unclassified	85771	301869:301869001	434792
지	-지|-지-|-지23|-지24	connective|final|unclassified	78636|86135	305791:305791001|485613:485613001	23966|279797|279798|471970|54991|582341
지마는	-지마는	connective	78637	309042:309042001	1818779|1818780|1818781|1818782|278086
지만	-지만|-지만05	connective|unclassified	78638	486434:486434001	1818793|1818794|1818795|1818796|278302
지만서도	-지만서도	connective|unclassified	-	305660:305660001	23991|55231
지요	-지요|-지요05	final	85770	315015:315015001	545483
